name,movement_pattern,exercise_type,target_goals,body_parts,evidence_rationale,equipment_needed,default_sets,default_rep_range,unilateral,is_corrective,demo_video_url,is_complex
Barbell Back Squat,squat,strength,strength_power|aesthetic_physique,hips|knees|lower_back,Foundational bilateral compound for lower-body strength and hypertrophy; high evidence base for quad/glute development.,barbell|squat_rack,4,5-8,false,false,https://www.youtube.com/watch?v=ultWZbUMPL8,true
Front Squat,squat,strength,strength_power|aesthetic_physique,hips|knees,More quad-dominant and torso-upright than the back squat; reduces lower-back shear load while still building bilateral leg strength.,barbell|squat_rack,3,5-8,false,false,https://www.youtube.com/watch?v=0ect9ETE6t0,true
Goblet Squat,squat,strength,aesthetic_physique|total_body_resilience,hips|knees,Easier bar-path and depth cueing than a barbell squat; good entry point for squat-pattern volume without heavy axial load.,dumbbell,3,10-15,false,false,https://www.youtube.com/watch?v=MeIiIdhvXT4,false
Smith Machine Squat,squat,strength,aesthetic_physique|strength_power,hips|knees,Fixed bar path lets lifters push closer to failure safely; useful for hypertrophy accumulation without a spotter.,smith_machine,3,8-12,false,false,https://www.youtube.com/watch?v=iAcRGCsG_PY,false
Bulgarian Split Squat,squat,strength,strength_power|total_body_resilience,hips|knees|ankles,Single-leg squat pattern that corrects left/right strength asymmetry and trains hip stability through a long range of motion.,dumbbell|bench,3,8-12,true,false,https://www.youtube.com/watch?v=2C-uNgKwPLE,true
Cossack Squat,squat,strength,total_body_resilience|mobility_flexibility,ankles|knees|hips,Lateral squat variant building ankle and hip mobility under load through a wide deep stance; complements ATG split squat's sagittal-plane ankle work with a frontal-plane challenge.,bodyweight,3,6-8/side,true,false,https://www.youtube.com/watch?v=JaCbmoDqUc4,true
Leg Press,squat,strength,aesthetic_physique|strength_power,hips|knees,Machine-stabilized bilateral squat pattern; lets lifters load volume safely without balance/bracing demands.,leg_press_machine,3,8-12,false,false,https://www.youtube.com/watch?v=IZxyjW7MPJQ,false
Hack Squat,squat,strength,aesthetic_physique|strength_power,hips|knees,Fixed-path machine squat emphasizing quads with reduced lower-back shear versus a free barbell squat.,hack_squat_machine,3,8-12,false,false,https://www.youtube.com/watch?v=0tn5K9NlCfo,false
Pistol Squat,squat,strength,total_body_resilience|strength_power,hips|knees|ankles,"Advanced unilateral bodyweight squat building single-leg strength, ankle dorsiflexion, and balance simultaneously.",bodyweight,3,3-6,true,false,https://www.youtube.com/watch?v=hHxm3VbuS-w,true
Box Squat,squat,strength,strength_power,hips|lower_back,Teaches hip-hinge depth control and posterior-chain engagement out of the bottom of a squat; common powerlifting accessory.,barbell|squat_rack|box,3,5-8,false,false,https://www.youtube.com/watch?v=WGjf5w8iaTM,true
Walking Lunge,squat,strength,aesthetic_physique|total_body_resilience,hips|knees,Dynamic unilateral lower-body pattern that builds single-leg strength and balance through a long stride.,dumbbell,3,10-12,true,false,https://www.youtube.com/watch?v=L8fvypPrzzs,false
Step-Up,squat,strength,total_body_resilience|strength_power,hips|knees,Unilateral squat-pattern movement that closely mirrors stair/uneven-terrain demand; strong carryover to daily function.,dumbbell|box,3,8-12,true,false,https://www.youtube.com/watch?v=DxUNi119Qzs,false
Wall Sit,squat,strength,total_body_resilience,hips|knees,"Isometric squat hold; low-impact way to build quad endurance without joint loading, useful on lower-readiness days.",bodyweight,3,30-60s hold,false,false,https://www.youtube.com/watch?v=y-wV4Venusw,false
Box Jump,squat,plyometric,strength_power|total_body_resilience,hips|knees|ankles,Explosive triple-extension power development; CLAUDE.md flags plyometrics as part of the program's high-leverage toolkit.,plyo_box,3,3-5 reps,false,false,https://www.youtube.com/watch?v=G-bxQY57mKc,true
Jump Squat,squat,plyometric,strength_power,hips|knees,Loads the squat pattern with explosive intent; builds rate of force development on top of squat strength.,bodyweight,3,6-8 reps,false,false,https://www.youtube.com/watch?v=A-cFYWvaHr0,false
Asian Squat Hold,squat,mobility_stretch,mobility_flexibility|total_body_resilience,hips|ankles,Sustained flat-footed deep-squat hold variant emphasizing ankle dorsiflexion specifically; a common assessment and training tool for ankle/hip mobility ceiling.,bodyweight,1,3 min hold,false,true,https://www.youtube.com/watch?v=oya7G1djWyQ,false
Single-Leg Balance (eyes closed),balance,balance,total_body_resilience,ankles,Proprioceptive ankle/balance work; tracks single-leg stability improvement directly relevant to lateral-movement injury risk.,bodyweight,3,30-45s hold,true,true,https://www.youtube.com/watch?v=4HtOeds_vyw,false
Single-Leg Balance on Pillow,balance,balance,total_body_resilience,ankles|feet,Unstable-surface balance progression beyond the eyes-closed floor variant; builds ankle proprioception under perturbation.,balance_pad,3,30-45s hold,true,true,,false
Bosu Ball Squat,squat,balance,total_body_resilience,hips|ankles|knees,Combines squat-pattern strength with unstable-surface balance demand; bridges strength and stability training.,bosu_ball,3,8-10,false,false,,false
Single-Leg Romanian Deadlift Balance Reach,balance,balance,total_body_resilience,ankles|hips|hamstrings,Unilateral balance-under-load challenge that doubles as posterior-chain activation; strong carryover to pickleball's single-leg landings.,dumbbell,3,8-10,true,false,https://www.youtube.com/watch?v=wTqPn_EUzVY,false
Weighted Ankle Dorsiflexion Mobilization,mobility,mobility_stretch,mobility_flexibility|total_body_resilience,ankles,Loaded knee-to-wall mobilization using a light external load at the knee; progresses the unloaded wall ankle test once baseline dorsiflexion range improves.,light_plate,3,10 reps/side,true,true,,false
Half-Kneeling Ankle Mobilization,mobility,mobility_stretch,mobility_flexibility|total_body_resilience,ankles,Half-kneeling rock-forward drill loading dorsiflexion under bodyweight; a no-equipment complement to the banded ankle distraction for days without a band.,bodyweight,3,8-10 reps/side,true,true,https://www.youtube.com/watch?v=Hm_Iu72bJJg,false
Ankle Circles,mobility,mobility_stretch,mobility_flexibility,ankles,Simple active range-of-motion warmup; loosens the ankle joint capsule before loading.,bodyweight,2,10 reps/side,true,true,,false
Calf Raise Stretch on Step,mobility,mobility_stretch,mobility_flexibility,ankles,Static calf/Achilles stretch off a step edge; addresses posterior ankle tightness that limits dorsiflexion.,step,2,30-45s hold,true,true,https://www.youtube.com/watch?v=yhnBpnrhRpk,false
Seated Ankle Dorsiflexion with Band,mobility,mobility_stretch,mobility_flexibility|total_body_resilience,ankles,"Banded mobilization targeting dorsiflexion specifically; complements the standing banded distraction with a seated, lower-load variant.",resistance_band,3,12-15 reps/side,true,true,,false
Single-Leg Calf Raise,push,strength,total_body_resilience|aesthetic_physique,ankles|feet,Builds calf strength and ankle-stabilizer endurance unilaterally -- directly protective against the lateral-pickleball reinjury pattern CLAUDE.md flags.,bodyweight,3,12-15,true,false,https://www.youtube.com/watch?v=gwLzBJYoWlI,false
Glute-Ham Raise,hinge,strength,total_body_resilience,hamstrings,Machine-assisted hamstring-curl movement sharing the Nordic curl's eccentric-loading evidence base; a regression option when bodyweight Nordic curls are too advanced.,glute_ham_developer,3,6-10,false,true,https://www.youtube.com/watch?v=v1DJzwKUGg0,true
Active Straight-Leg Raise Hamstring Stretch,hinge,mobility_stretch,mobility_flexibility|total_body_resilience,hamstrings,Supine active-assisted hamstring stretch using a strap; complements the PNF contract-relax method with an active end-range hold.,strap,1,3 reps/side hold 15s,true,true,https://www.youtube.com/watch?v=Il1L75v6gq0,false
Deep Lunge Hip Opener,mobility,mobility_stretch,mobility_flexibility,hips,Kneeling deep-lunge hip-opener stretch; complements the 90/90's rotational hip work with an extension-biased anterior-hip target.,yoga_mat,1,60s hold/side,true,true,,false
Half-Kneeling Hip Flexor Stretch with Reach,mobility,mobility_stretch,mobility_flexibility,hips,Active variant of the couch stretch adding an overhead reach to bias the rectus femoris and add a thoracic-extension component.,bodyweight,1,45-60s hold/side,true,true,https://www.youtube.com/watch?v=KyoK4Rf6_bE,false
Standing Hamstring Stretch,hinge,mobility_stretch,mobility_flexibility,hamstrings,Simple static hamstring stretch; low-skill complement to the PNF variant on lower-readiness days.,bodyweight,1,30-60s hold/side,true,true,,false
Pigeon Pose,mobility,mobility_stretch,mobility_flexibility,hips,Deep hip external-rotator stretch; common yoga pose with strong carryover to hip-opening goals CLAUDE.md emphasizes.,yoga_mat,1,60-90s hold/side,true,true,https://www.youtube.com/watch?v=M1gEGLtF1p0,false
Frog Stretch,mobility,mobility_stretch,mobility_flexibility,hips,Adductor/hip-opener stretch complementing the 90/90 and couch stretch from a different angle of hip mobility.,yoga_mat,1,60-90s hold,false,true,,false
World's Greatest Stretch,mobility,mobility_stretch,mobility_flexibility|total_body_resilience,hips|thoracic_spine|hamstrings,Combination lunge-rotation-hamstring stretch; efficient multi-joint mobility movement for a pre-lift warmup or recovery day.,bodyweight,2,5 reps/side,true,false,https://www.youtube.com/watch?v=-CiWQ2IvY34,false
Side-Lying Hip Adduction,core,strength,total_body_resilience,hips|hamstrings,Side-lying adductor-strengthening movement; a lower-skill regression toward the full Copenhagen plank for building the same adductor/groin strength.,bodyweight,3,12-15/side,true,true,,false
Adductor Stretch (seated),mobility,mobility_stretch,mobility_flexibility,hips,Static adductor/groin stretch; complements the Copenhagen plank's strength work with passive range-of-motion.,yoga_mat,1,45-60s hold,false,true,,false
Romanian Deadlift,hinge,strength,strength_power|aesthetic_physique,hamstrings|lower_back,Hip-hinge hypertrophy/strength staple targeting the posterior chain through a long hamstring range of motion.,barbell,3,8-10,false,false,https://www.youtube.com/watch?v=jEy_czb3RKA,true
Dumbbell Romanian Deadlift,hinge,strength,aesthetic_physique|total_body_resilience,hamstrings|lower_back,Lower-load equipment variant of the barbell RDL; more accessible bar path for hip-hinge skill development.,dumbbell,3,10-12,false,false,https://www.youtube.com/watch?v=aa57T45iFSE,false
Conventional Deadlift,hinge,strength,strength_power,hamstrings|lower_back,Full-body hip-hinge strength staple; among the highest-loading compound exercises for total posterior-chain development.,barbell,3,3-5,false,false,https://www.youtube.com/watch?v=op9kVnSso6Q,true
Trap Bar Deadlift,hinge,strength,strength_power|total_body_resilience,hamstrings|lower_back,"More upright torso position than a conventional deadlift, reducing lower-back shear while keeping the hip-hinge loading benefit.",trap_bar,3,5-8,false,false,https://www.youtube.com/watch?v=5BpuTmfQjro,true
Single-Leg Romanian Deadlift,hinge,strength,total_body_resilience|strength_power,hamstrings|ankles,Unilateral hip-hinge that trains hamstring strength and balance together; closes left/right asymmetry per CLAUDE.md's unilateral-from-the-left principle.,dumbbell,3,8-10,true,false,https://www.youtube.com/watch?v=Zfr6wizR8rs,true
Cable Pull-Through,hinge,strength,aesthetic_physique|total_body_resilience,hamstrings|hips,Reinforces hip-hinge mechanics under constant cable tension; lower skill demand than a barbell hinge for the same posterior-chain target.,cable_machine,3,12-15,false,false,https://www.youtube.com/watch?v=DbSF7ipBh5Y,false
Glute Bridge,hinge,strength,total_body_resilience|aesthetic_physique,hips|lower_back,Foundational glute-activation hinge pattern; useful as both a warmup primer and a standalone hypertrophy movement.,bodyweight,3,12-15,false,false,https://www.youtube.com/watch?v=wPM8icPu6H8,false
Hip Thrust,hinge,strength,aesthetic_physique|strength_power,hips,Loaded glute-focused hinge variant with strong evidence for glute hypertrophy specifically versus squats/deadlifts alone.,barbell|bench,3,8-12,false,false,https://www.youtube.com/watch?v=S_uZP4UH6J0,false
Good Morning,hinge,strength,strength_power|total_body_resilience,hamstrings|lower_back,Hip-hinge accessory that isolates posterior-chain strength under bar load without the grip/setup demand of a deadlift.,barbell,3,8-10,false,false,https://www.youtube.com/watch?v=qxNuAQknYQI,true
Kettlebell Swing,hinge,plyometric,total_body_resilience|endurance,hamstrings|hips,Ballistic hip-hinge that builds explosive posterior-chain power and conditioning simultaneously.,kettlebell,3,15-20,false,false,https://www.youtube.com/watch?v=sSESeQAir2M,true
Standing Toe Touch with Reach-Through,hinge,mobility_stretch,mobility_flexibility|total_body_resilience,lower_back|hamstrings,Standing segmental spinal-flexion stretch reaching toward the floor; a bodyweight-only complement to the loaded Jefferson curl for days without a barbell.,bodyweight,2,8-10,false,true,,false
Bird Dog,core,strength,total_body_resilience,lower_back|hips,Anti-rotation core-stability movement with strong evidence for safe lower-back loading and motor control.,bodyweight,3,8-10/side,true,false,https://www.youtube.com/watch?v=wiFNA3sqjCA,false
Plank,core,strength,total_body_resilience,lower_back,Foundational anti-extension core hold; baseline core-endurance movement with minimal equipment demand.,bodyweight,3,30-60s hold,false,false,https://www.youtube.com/watch?v=pSHjTRCQxIw,false
Side Plank,core,strength,total_body_resilience,lower_back|hips,Anti-lateral-flexion core hold; trains the obliques and quadratus lumborum in a way a front plank does not.,bodyweight,3,30-45s hold/side,true,false,https://www.youtube.com/watch?v=K2VljzCC16g,false
Hanging Leg Raise,core,strength,aesthetic_physique|strength_power,lower_back,Loaded anti-extension/flexion core movement with strong hypertrophy carryover to visible lower-ab definition.,pull_up_bar,3,8-12,false,false,https://www.youtube.com/watch?v=Pr1ieGZ5atk,true
Cable Woodchop,core,strength,aesthetic_physique|total_body_resilience,lower_back|hips,Rotational core-strength movement; trains the anti-rotation/rotation pattern pickleball's swing mechanics demand.,cable_machine,3,10-12/side,true,false,https://www.youtube.com/watch?v=he4IhLc1d5k,false
Dead Bug,core,strength,total_body_resilience,lower_back,Low-load anti-extension core movement with excellent motor-control carryover; common physical-therapy staple for lower-back resilience.,bodyweight,3,8-10/side,true,true,https://www.youtube.com/watch?v=3eqodmkpkfA,false
Ab Wheel Rollout,core,strength,aesthetic_physique|strength_power,lower_back,Advanced anti-extension core movement under long lever arm; high core-strength carryover once plank/dead-bug progressions are mastered.,ab_wheel,3,6-10,false,false,https://www.youtube.com/watch?v=nCh8VfWY5_g,true
Hollow Body Hold,core,strength,aesthetic_physique|total_body_resilience,lower_back,Gymnastics-derived core-bracing hold; builds the full-body tension skill that transfers to bracing under a barbell.,bodyweight,3,20-30s hold,false,false,https://www.youtube.com/watch?v=LlDNef_Ztsc,false
Cat-Cow,mobility,mobility_stretch,mobility_flexibility,thoracic_spine|lower_back,Dynamic spinal-segment mobility flow; gentle warmup movement for the whole spine before loaded work.,bodyweight,2,8-10 reps,false,true,https://www.youtube.com/watch?v=kqnua4rHVVA,false
Wall-Supported Chin Tuck,mobility,mobility_stretch,mobility_flexibility|total_body_resilience,neck,Wall-supported variant of the chin tuck adding tactile feedback for correct cervical retraction depth; useful cueing progression for forward-head posture correction.,wall,3,10 reps,false,true,https://www.youtube.com/watch?v=TWzly9Xswt8,false
Thoracic Rotation on Foam Roller,mobility,mobility_stretch,mobility_flexibility|total_body_resilience,thoracic_spine,Foam-roller-supported thoracic rotation drill; complements the extension-only foam-roller variant with a rotational axis of thoracic mobility.,foam_roller,2,8-10 reps/side,true,true,https://www.youtube.com/watch?v=GaEuHC3E68I,false
Scalene Stretch,mobility,mobility_stretch,mobility_flexibility|total_body_resilience,neck,Targets the scalene muscle group from a different angle than the levator scapulae stretch; both commonly co-tight contributors to chronic neck stiffness.,bodyweight,1,30s hold/side,true,true,,false
Neck Rotation Stretch,mobility,mobility_stretch,mobility_flexibility,neck,Active rotational neck range-of-motion movement; complements the levator scapulae and chin-tuck work from a different plane of motion.,bodyweight,2,8-10 reps/side,true,true,,false
Upper Trap Stretch,mobility,mobility_stretch,mobility_flexibility,neck,"Lateral-flexion stretch targeting the upper trapezius, a common source of referred neck tension alongside the levator scapulae.",bodyweight,1,30-45s hold/side,true,true,https://www.youtube.com/watch?v=-r0eoFS7_5Q,false
Scapular Wall Slides,mobility,mobility_stretch,mobility_flexibility|total_body_resilience,shoulders|thoracic_spine,Reinforces scapular upward rotation and thoracic extension together; corrective groundwork before overhead pressing.,wall,2,10-12 reps,false,true,https://www.youtube.com/watch?v=UB_n4DxOTCo,false
Thread the Needle,mobility,mobility_stretch,mobility_flexibility,thoracic_spine,Rotational thoracic-spine mobility movement performed on all fours; complements the foam-roller extension with a rotational axis.,bodyweight,2,8-10 reps/side,true,false,https://www.youtube.com/watch?v=7C8-zj3nRro,false
Standing Forward Fold with Shoulder Flexion,mobility,mobility_stretch,mobility_flexibility|total_body_resilience,shoulders|hamstrings,Standing variant combining a hamstring stretch with overhead shoulder flexion; a no-mat alternative to the down dog progression with a similar combined-mobility target.,bodyweight,1,30-45s hold,false,true,,false
Cross-Arm Internal Rotation Stretch (right),mobility,mobility_stretch,mobility_flexibility|total_body_resilience,shoulders,Standing internal-rotation stretch targeting the same posterior shoulder-capsule tightness as the sleeper stretch from a standing position rather than side-lying.,bodyweight,1,30s hold,true,true,https://www.youtube.com/watch?v=HaHQTTcYv4E,false
Wall Slide with External Rotation,mobility,mobility_stretch,mobility_flexibility|total_body_resilience,shoulders,Combines the scapular wall slide with an external-rotation finish; corrective groundwork for shoulder-capsule health distinct from the v1 Shoulder CARs entry.,wall,2,8-10 reps,false,true,https://www.youtube.com/watch?v=hUO4MGIVAyc,false
Cross-Body Shoulder Stretch,mobility,mobility_stretch,mobility_flexibility,shoulders,Simple posterior-deltoid stretch; lower-skill complement to the sleeper stretch for general shoulder tightness.,bodyweight,1,30s hold/side,true,true,,false
Doorway Pec Stretch,mobility,mobility_stretch,mobility_flexibility,shoulders,Anterior-chain shoulder/chest stretch; counters the internally-rotated posture that exacerbates right-shoulder tightness.,doorway,1,30-45s hold/side,true,true,https://www.youtube.com/watch?v=M850sCj9LHQ,false
Band Pull-Apart,pull,strength,total_body_resilience|aesthetic_physique,shoulders,Light high-rep posterior-shoulder/upper-back activation movement; common prehab staple for shoulder-health and posture.,resistance_band,3,15-20,false,true,https://www.youtube.com/watch?v=3OYSIWaJJk4,false
Face Pull,pull,strength,total_body_resilience|aesthetic_physique,shoulders,Targets the rear delts and external rotators directly; widely used corrective accessory for shoulder-health and posture balance.,cable_machine,3,12-15,false,true,https://www.youtube.com/watch?v=rep-qVOkqgk,false
Barbell Bench Press,push,strength,strength_power|aesthetic_physique,shoulders,Foundational horizontal-press compound; among the most evidence-backed movements for chest/shoulder/triceps strength and size.,barbell|bench,4,5-8,false,false,https://www.youtube.com/watch?v=rT7DgCr-3pg,true
Dumbbell Bench Press,push,strength,aesthetic_physique|strength_power,shoulders,"Greater range of motion and unilateral stabilizer demand than the barbell variant, with lower injury risk from a fixed bar path.",dumbbell|bench,3,8-10,false,false,https://www.youtube.com/watch?v=VmB1G1K7v94,false
Incline Barbell Press,push,strength,aesthetic_physique|strength_power,shoulders,Upper-chest-emphasis press variant; fills out the shoulder girdle in a way flat pressing alone does not.,barbell|bench,3,6-10,false,false,https://www.youtube.com/watch?v=SrqOu55lrYU,true
Incline Dumbbell Press,push,strength,aesthetic_physique,shoulders,Equipment variant of the incline press with a longer range of motion and independent-arm stabilizer demand.,dumbbell|bench,3,8-12,false,false,https://www.youtube.com/watch?v=8iPEnn-ltC8,false
Incline Smith Machine Press,push,strength,aesthetic_physique,shoulders,Fixed-path incline press variant; lets a lifter push closer to failure safely without a spotter.,smith_machine|bench,3,8-12,false,false,https://www.youtube.com/watch?v=tLB1XtM21Fk,false
Overhead Press,push,strength,strength_power|aesthetic_physique,shoulders,Vertical-press compound building shoulder strength and stability through full overhead range -- directly relevant to filling out the shoulder girdle.,barbell,3,5-8,false,false,https://www.youtube.com/watch?v=2yjwXTZQDDI,true
Dumbbell Shoulder Press,push,strength,aesthetic_physique,shoulders,Dumbbell variant of the overhead press; independent-arm path helps correct left/right shoulder imbalance.,dumbbell,3,8-12,false,false,https://www.youtube.com/watch?v=qEwKCR5JCog,false
Push-Up,push,strength,total_body_resilience|aesthetic_physique,shoulders,"Bodyweight horizontal-press staple; scalable, equipment-free option for chest/shoulder/triceps strength.",bodyweight,3,10-20,false,false,https://www.youtube.com/watch?v=IODxDxX7oi4,false
Dip,push,strength,aesthetic_physique|strength_power,shoulders,Bodyweight vertical-press movement emphasizing triceps and lower chest under a deep stretch range.,parallel_bars,3,8-12,false,false,https://www.youtube.com/watch?v=2z8JmcrW-As,true
Cable Chest Fly,push,strength,aesthetic_physique,shoulders,Isolation movement for chest under constant cable tension; complements pressing with a stretch-focused hypertrophy stimulus.,cable_machine,3,12-15,false,false,https://www.youtube.com/watch?v=Iwe6AmxVf7o,false
Landmine Press,push,strength,total_body_resilience|aesthetic_physique,shoulders,Shoulder-friendly pressing angle that reduces impingement risk while still building pressing strength; good option on a tender-shoulder day.,barbell|landmine_attachment,3,8-12,true,false,https://www.youtube.com/watch?v=_ArzG9qz-yM,false
Plyo Push-Up,push,plyometric,strength_power|aesthetic_physique,shoulders,Explosive upper-body pressing power movement; builds rate of force development for sports requiring fast hand/arm action.,bodyweight,3,5-8,false,false,https://www.youtube.com/watch?v=MH4gcTKQiEc,true
Medicine Ball Chest Pass,push,plyometric,strength_power|endurance,shoulders,Explosive horizontal-press power movement transferable to pickleball's quick reactive shots.,medicine_ball,3,6-8,false,false,https://www.youtube.com/watch?v=FUdcjZ0weic,false
Barbell Row,pull,strength,strength_power|aesthetic_physique,shoulders|lower_back,"Foundational horizontal-pull compound; builds upper-back thickness directly addressing CLAUDE.md's ""fill out shoulders/upper back"" goal.",barbell,3,8-10,false,false,https://www.youtube.com/watch?v=9efgcAjQe7E,true
Dumbbell Row,pull,strength,aesthetic_physique|total_body_resilience,shoulders|lower_back,"Unilateral horizontal-pull variant; trains each side of the upper back independently, supporting left/right correction.",dumbbell|bench,3,8-12,true,false,https://www.youtube.com/watch?v=pYcpY20QaE8,false
Cable Row,pull,strength,aesthetic_physique,shoulders,Constant-tension horizontal-pull movement; easier on the lower back than a bent-over barbell row for high-volume back work.,cable_machine,3,10-12,false,false,https://www.youtube.com/watch?v=GZbfZ033f74,false
Pull-Up,pull,strength,strength_power|aesthetic_physique,shoulders,Vertical-pull bodyweight staple with strong evidence for lat/upper-back strength and width.,pull_up_bar,3,5-10,false,false,https://www.youtube.com/watch?v=eGo4IYlbE5g,true
Chin-Up,pull,strength,aesthetic_physique|strength_power,shoulders,Supinated-grip pull-up variant with greater biceps involvement; useful pulling-strength progression alongside the pull-up.,pull_up_bar,3,5-10,false,false,https://www.youtube.com/watch?v=brhRXlOhsAM,false
Lat Pulldown,pull,strength,aesthetic_physique,shoulders,Machine vertical-pull movement; accessible regression toward a full pull-up while still building lat width.,cable_machine,3,10-12,false,false,https://www.youtube.com/watch?v=CAwf7n6Luuc,false
Single-Arm Lat Pulldown,pull,strength,aesthetic_physique|total_body_resilience,shoulders,"Unilateral vertical-pull variant; trains each lat independently, directly supporting CLAUDE.md's left-first unilateral-correction principle.",cable_machine,3,10-12,true,false,https://www.youtube.com/watch?v=eM162KNncD8,false
Face-Down Reverse Fly,pull,strength,aesthetic_physique|total_body_resilience,shoulders,Rear-delt isolation movement on a bench; reinforces the posterior shoulder strength the face pull also targets.,dumbbell|bench,3,12-15,false,false,https://www.youtube.com/watch?v=EA7u4Q_8HQ0,false
Seated Cable Row,pull,strength,aesthetic_physique,shoulders|lower_back,Seated horizontal-pull variant with strict torso bracing; good high-volume upper-back accessory.,cable_machine,3,10-12,false,false,https://www.youtube.com/watch?v=GZbfZ033f74,false
Inverted Row,pull,strength,total_body_resilience|aesthetic_physique,shoulders,Bodyweight horizontal-pull regression using a bar or rings; useful entry point toward weighted rowing strength.,barbell|squat_rack,3,8-12,false,false,https://www.youtube.com/watch?v=Fl0UMfdEzsE,false
Barbell Curl,pull,strength,aesthetic_physique,elbows,Classic biceps isolation movement; supports visible arm definition alongside the program's compound-first emphasis.,barbell,3,8-12,false,false,https://www.youtube.com/watch?v=kwG2ipFRgfo,false
Dumbbell Curl,pull,strength,aesthetic_physique,elbows,Unilateral biceps isolation; independent-arm path supports correcting right-arm dominance.,dumbbell,3,10-12,true,false,https://www.youtube.com/watch?v=ykJmrZ5v0Oo,false
Hammer Curl,pull,strength,aesthetic_physique,elbows|wrists,Neutral-grip biceps/forearm variant; adds forearm and brachialis development alongside standard curls.,dumbbell,3,10-12,true,false,https://www.youtube.com/watch?v=zC3nLlEvin4,false
Tricep Pushdown,push,strength,aesthetic_physique,elbows,Isolation movement for triceps under constant cable tension; complements compound pressing for arm definition.,cable_machine,3,10-15,false,false,https://www.youtube.com/watch?v=2-LAMcpzODU,false
Overhead Tricep Extension,push,strength,aesthetic_physique,elbows,Stretch-focused triceps isolation movement; targets the long head more than pushdown variants.,dumbbell,3,10-12,false,false,https://www.youtube.com/watch?v=YbX7Wd8jQ-Q,false
Wrist Curl,push,strength,total_body_resilience,wrists,Direct forearm-flexor strengthening; protective for wrist-loaded lifts like front squats and overhead pressing.,dumbbell,3,12-15,false,true,https://www.youtube.com/watch?v=7ac_qmBjkFI,false
Reverse Wrist Curl,pull,strength,total_body_resilience,wrists,Forearm-extensor strengthening that balances the wrist curl's flexor work; protective against wrist overuse.,dumbbell,3,12-15,false,true,,false
Wrist Mobility Flow (flexion/extension/circles),mobility,mobility_stretch,mobility_flexibility|total_body_resilience,wrists,Combined active-mobility flow for the wrist joint; useful pre-lift prep before any bar-loaded pressing or front-rack work.,bodyweight,2,10 reps each direction,true,true,,false
Farmer's Carry,pull,strength,total_body_resilience|strength_power,wrists|lower_back,"Loaded carry building grip, forearm, and trunk stability simultaneously; high carryover to real-world load-bearing tasks.",dumbbell_or_kettlebell,3,30-40m,false,false,https://www.youtube.com/watch?v=Fkzk_RqlYig,false
Suitcase Carry,pull,strength,total_body_resilience,lower_back|wrists,Unilateral loaded carry that challenges anti-lateral-flexion core stability alongside grip strength.,dumbbell_or_kettlebell,3,30-40m/side,true,false,https://www.youtube.com/watch?v=y-hn_Ha1-RE,false
Lateral Lunge,squat,strength,total_body_resilience,hips|knees|ankles,"Frontal-plane lunge variant; directly trains the lateral movement pattern pickleball demands, beyond sagittal-plane squats/lunges.",dumbbell,3,8-10/side,true,false,https://www.youtube.com/watch?v=R8jArZG2J6Q,false
Lateral Band Walk,squat,strength,total_body_resilience,hips|knees,Glute-medius activation movement under lateral resistance; a common pickleball/lateral-sport injury-prevention staple.,resistance_band,3,10-15 steps/side,true,true,https://www.youtube.com/watch?v=PhNkkOieB-8,false
Monster Walk,squat,strength,total_body_resilience,hips|ankles,Multi-directional banded walking drill that builds hip-abductor and ankle-stabilizer endurance together.,resistance_band,3,10 steps each direction,true,true,,false
Lateral Hop,squat,plyometric,total_body_resilience|strength_power,ankles|knees,Single-plane plyometric hop building lateral-landing control directly relevant to pickleball's side-to-side footwork and ankle reinjury risk.,bodyweight,3,6-8/side,true,false,https://www.youtube.com/watch?v=jjPPhcLgG50,false
Skater Hop,squat,plyometric,total_body_resilience|strength_power,ankles|hips,Lateral bounding plyometric that mirrors pickleball's lateral cutting demand while training single-leg landing absorption.,bodyweight,3,6-8/side,true,false,https://www.youtube.com/watch?v=dzVTuvRojzA,false
Depth Jump,squat,plyometric,strength_power,knees|ankles,Reactive-strength plyometric using a drop into an immediate jump; builds fast eccentric-to-concentric force transfer.,plyo_box,3,4-5,false,false,https://www.youtube.com/watch?v=AzPJZHOmGEg,true
Broad Jump,squat,plyometric,strength_power|total_body_resilience,hips|knees,Horizontal explosive triple-extension movement; complements the vertical box jump with a different force vector.,bodyweight,3,3-5,false,false,https://www.youtube.com/watch?v=AO57oC3Cw14,false
Tuck Jump,squat,plyometric,strength_power,hips|knees,High-intensity plyometric demanding rapid hip flexion under flight time; advanced progression once landing mechanics are solid.,bodyweight,3,5-6,false,false,https://www.youtube.com/watch?v=GO8VX6V3Lko,false
Med Ball Slam,core,plyometric,strength_power|endurance,lower_back,Explosive total-body power movement through the core and shoulders; doubles as a high-intensity conditioning finisher.,medicine_ball,3,8-10,false,false,https://www.youtube.com/watch?v=EsAhU1jHpiQ,false
Med Ball Rotational Throw,core,plyometric,strength_power|total_body_resilience,lower_back|hips,Explosive rotational power movement mirroring the trunk-rotation demand of a pickleball groundstroke.,medicine_ball,3,6-8/side,true,false,https://www.youtube.com/watch?v=2IBj2r0wd0Y,false
Plyo Lunge (alternating jump lunge),squat,plyometric,strength_power|total_body_resilience,hips|knees,Explosive alternating-leg lunge; builds single-leg power and reactive landing control together.,bodyweight,3,6-8/side,true,false,https://www.youtube.com/watch?v=FyxFYIV8wKU,false
Pickleball-Specific Lateral Shuffle,squat,cardio,endurance|total_body_resilience,ankles|hips,Sport-specific lateral conditioning drill mirroring pickleball court movement; doubles as dynamic ankle/hip warmup before play.,cones_or_floor_markers,3,20-30s,false,false,,false
Jump Rope,squat,cardio,endurance|total_body_resilience,ankles,Low-equipment cardio/conditioning movement that also reinforces ankle stiffness and rhythm under repeated ground contact.,jump_rope,3,60-90s,false,false,https://www.youtube.com/watch?v=u3zgHI8QnqE,false
Treadmill Incline Walk,squat,cardio,endurance|longevity_recovery,ankles|hips,Low-impact steady-state cardio option; useful active-recovery alternative to a full run on a lower-readiness day.,treadmill,1,20-30 min,false,false,,false
Easy Aerobic Run,squat,cardio,endurance|longevity_recovery,ankles|knees,Base-building steady-state run; the foundation CLAUDE.md's 10%/week progression cap is built around.,none,1,20-30 min,false,false,,false
Interval Sprints,squat,cardio,endurance|strength_power,ankles|hamstrings,Higher-intensity running variant for VO2/speed development once aerobic base and hamstring resilience (Nordic curls) are established.,none,1,6-8x30s,false,false,,false
Stationary Bike,squat,cardio,endurance|longevity_recovery,knees,Low-impact cardio alternative that maintains aerobic conditioning while fully offloading the ankles -- useful during an ankle flare-up.,stationary_bike,1,20-30 min,false,true,,false
Rowing Machine,pull,cardio,endurance|strength_power,lower_back|shoulders,"Full-body, low-impact cardio modality that also reinforces hip-hinge and pulling-pattern endurance.",rowing_machine,1,15-20 min,false,false,https://www.youtube.com/watch?v=4zWu1yuJ0_g,false
Battle Ropes,pull,cardio,endurance|strength_power,shoulders,High-intensity upper-body conditioning movement; builds shoulder/grip endurance under a metabolic-conditioning stimulus.,battle_ropes,3,20-30s,false,false,https://www.youtube.com/watch?v=uyaANzMXQHY,false
Sled Push,squat,cardio,strength_power|endurance,hips|knees,Concentric-only loaded conditioning movement; builds leg drive and aerobic capacity with minimal eccentric/soreness cost.,sled,3,20-30m,false,false,https://www.youtube.com/watch?v=QaTrePoCT4g,false
Sled Drag (reverse),squat,cardio,total_body_resilience|endurance,knees|ankles,Reverse sled drag is a common knee/ankle-friendly conditioning and rehab movement with very low joint shear.,sled,3,20-30m,false,true,,false
Farmer's Carry Conditioning Circuit,pull,cardio,endurance|strength_power,wrists|lower_back,Combines loaded-carry strength with a conditioning stimulus when performed for extended distance/time.,dumbbell_or_kettlebell,3,60-90s,false,false,,false
Mountain Climbers,core,cardio,endurance|aesthetic_physique,lower_back,Dynamic core-and-conditioning movement combining a plank hold with continuous hip flexion under tempo.,bodyweight,3,30-40s,false,false,https://www.youtube.com/watch?v=nmwgirgXLYM,false
Burpee,push,cardio,endurance|strength_power,shoulders|ankles,"High-intensity total-body conditioning movement combining a push-up, squat, and jump in one sequence.",bodyweight,3,8-10,false,false,https://www.youtube.com/watch?v=auBLPXO8Fww,false
Kettlebell Swing Conditioning Set,hinge,cardio,endurance|strength_power,hamstrings|hips,Extended-set kettlebell swing work shifts the same hip-hinge pattern from strength/power toward a conditioning stimulus.,kettlebell,3,45-60s,false,false,https://www.youtube.com/watch?v=PAhDt_0PjP4,true
Standing Quad Stretch,mobility,mobility_stretch,mobility_flexibility,knees,Simple static quad/knee-extensor stretch; useful complement to the couch stretch for anterior thigh tightness.,bodyweight,1,30-45s hold/side,true,false,,false
Foam Roll Quads,mobility,mobility_stretch,mobility_flexibility|longevity_recovery,knees,Self-myofascial release for the quads; common pre/post-session recovery tool to reduce stiffness.,foam_roller,1,60-90s/side,true,false,,false
Foam Roll IT Band,mobility,mobility_stretch,mobility_flexibility|longevity_recovery,hips|knees,"Self-myofascial release targeting the IT band, a common source of lateral knee/hip tightness in runners and lateral-sport athletes.",foam_roller,1,60-90s/side,true,true,,false
Calf Foam Roll,mobility,mobility_stretch,mobility_flexibility|longevity_recovery,ankles,Self-myofascial release for the calves; complements the banded ankle distraction by addressing soft-tissue restriction.,foam_roller,1,60-90s/side,true,true,,false
Childs Pose,mobility,mobility_stretch,mobility_flexibility|longevity_recovery,lower_back|shoulders,Restorative yoga pose lengthening the lats and lower back; common cool-down/recovery-day movement.,yoga_mat,1,60-90s hold,false,false,https://www.youtube.com/watch?v=2MJGg-dUKh0,false
Knee-to-Chest Stretch,mobility,mobility_stretch,mobility_flexibility,lower_back|hips,Simple supine lower-back/hip stretch; gentle option on a high-soreness or low-readiness day.,bodyweight,1,30-45s hold/side,true,false,,false
Single-Leg Glute Bridge,hinge,strength,total_body_resilience,hips|hamstrings,Unilateral hinge variant isolating one side's glute/hamstring strength; supports left-first correction work.,bodyweight,3,10-12/side,true,false,https://www.youtube.com/watch?v=_K_di6h2-Wg,false
Clamshell,squat,strength,total_body_resilience,hips,Classic glute-medius activation/rehab movement; common corrective exercise for hip-stability deficits feeding into knee/ankle issues.,resistance_band,3,12-15/side,true,true,https://www.youtube.com/watch?v=ymjOGuPjOSE,false
Fire Hydrant,squat,strength,total_body_resilience,hips,Hip-abductor activation movement on all fours; complements the clamshell and lateral band walk for glute-medius strength.,bodyweight,3,10-12/side,true,true,https://www.youtube.com/watch?v=9JB38HZEbrQ,false
Standing Hip Flexor Stretch,mobility,mobility_stretch,mobility_flexibility,hips,Standing variant of the couch stretch's anterior-hip target; useful when no bench/wall is available (e.g. between pickleball games).,bodyweight,1,30-45s hold/side,true,true,,false
90/90 Hip Switch,mobility,mobility_stretch,mobility_flexibility|total_body_resilience,hips,"Dynamic transition variant of the static 90/90 stretch; builds active internal/external hip rotation control, not just passive range.",bodyweight,2,6-8 transitions/side,true,false,https://www.youtube.com/watch?v=HUZimFZJZWU,false
Reverse Nordic Curl,squat,strength,total_body_resilience,knees,Eccentric quad-strengthening movement using a kneeling lowering pattern; common knee-health corrective alongside the (hamstring) Nordic curl.,bodyweight,3,5-8,false,true,https://www.youtube.com/watch?v=PvJDjcfZe1c,true
Terminal Knee Extension,squat,strength,total_body_resilience,knees,Banded knee-extension corrective targeting the VMO; widely used in knee-rehab programming for joint stability.,resistance_band,3,12-15/side,true,true,https://www.youtube.com/watch?v=WEcLkuvcMZc,false
Seated Figure-4 Stretch,mobility,mobility_stretch,mobility_flexibility,hips,Seated piriformis/glute stretch; lower-skill alternative to the pigeon pose for hip external-rotator tightness.,bench,1,30-45s hold/side,true,true,,false
Banded Shoulder External Rotation,mobility,mobility_stretch,mobility_flexibility|total_body_resilience,shoulders,Rotator-cuff strengthening/corrective movement; protective against the impingement risk a tight right shoulder carries into pressing work.,resistance_band,3,12-15/side,true,true,https://www.youtube.com/watch?v=ybNV36DoRfY,false
Y-T-W Raises,pull,strength,total_body_resilience|aesthetic_physique,shoulders,Light-load scapular-stabilizer activation sequence; common shoulder-health prehab movement done before or after pressing.,dumbbell,3,8-10 each position,false,true,https://www.youtube.com/watch?v=KNbWAi-V434,false
Towel Behind-Back Shoulder Stretch,mobility,mobility_stretch,mobility_flexibility,shoulders,Internal/external rotation stretch using a towel; targets the same posterior-capsule tightness as the sleeper stretch from a different angle.,towel,1,30s hold/side,true,true,,false
Standing Calf Raise,push,strength,aesthetic_physique|total_body_resilience,ankles,"Direct calf-strengthening movement; complements the single-leg calf raise with a bilateral, higher-load variant.",bodyweight_or_dumbbell,3,12-15,false,false,https://www.youtube.com/watch?v=YMmgqO8Jo-k,false
Seated Calf Raise,push,strength,aesthetic_physique,ankles,"Machine/seated calf variant emphasizing the soleus through a bent-knee position, complementing the standing gastrocnemius-biased raise.",calf_raise_machine,3,12-15,false,false,https://www.youtube.com/watch?v=ORY-ke6vcgk,false
Eccentric Heel Drop,push,strength,total_body_resilience,ankles,Slow-eccentric calf-loading movement commonly used in Achilles-tendon rehab protocols; protective for ankle-adjacent tendon health.,step,3,10-12,true,true,https://www.youtube.com/watch?v=hoheL7eei40,false
Toe Yoga,mobility,mobility_stretch,mobility_flexibility,feet,Intrinsic-foot-muscle control drill; builds the small stabilizer strength that underlies ankle stability higher up the chain.,bodyweight,2,10 reps,true,true,,false
Foot Doming (short foot exercise),mobility,balance,total_body_resilience,feet,Arch-activation drill building intrinsic foot strength; common foundation movement in ankle-rehab and balance programming.,bodyweight,3,10s hold x 8,true,true,,false
Calf Raise on Step (eyes closed),balance,balance,total_body_resilience,ankles|feet,Combines calf strengthening with a balance challenge by removing visual feedback; progression beyond the basic single-leg balance drill.,step,3,8-10,true,true,,false
Single-Leg Deadlift Reach to Cone,balance,balance,total_body_resilience,ankles|hamstrings,Functional balance drill combining hip-hinge mechanics with a reaching balance challenge; strong carryover to pickleball's lunging reach.,cone_or_marker,3,6-8/side,true,false,,false
Bosu Ball Single-Leg Stand,balance,balance,total_body_resilience,ankles,Unstable-surface single-leg balance progression beyond a flat floor; builds ankle-stabilizer strength under perturbation.,bosu_ball,3,30-45s/side,true,true,,false
Tandem Stance Hold,balance,balance,total_body_resilience,ankles|feet,Heel-to-toe static balance hold; simple progression step between double-leg and single-leg balance work.,bodyweight,3,30s hold,true,false,,false
Y-Balance Reach,balance,balance,total_body_resilience,ankles|hips,Multi-directional single-leg reaching balance drill widely used as both an assessment and a training tool for lower-limb stability.,floor_markers,3,3 reaches/side,true,false,https://www.youtube.com/watch?v=qFVuS-P2FrI,false
Agility Ladder Drill,squat,cardio,endurance|total_body_resilience,ankles,Fast-footwork conditioning drill that builds the rapid ankle-stabilization demand pickleball's quick direction changes require.,agility_ladder,3,20-30s,false,false,https://www.youtube.com/watch?v=z1OhMhCZa8I,false
Cone Shuttle Run,squat,cardio,endurance|strength_power,ankles|knees,Multi-directional sprint-and-cut conditioning drill mirroring real pickleball movement demand more closely than linear running alone.,cones,3,20-30s,false,false,,false
Resistance Band Shoulder Pass-Through,mobility,mobility_stretch,mobility_flexibility|total_body_resilience,shoulders,Dynamic overhead-mobility drill using a band; good pre-press warmup that doubles as a shoulder-health mobility movement.,resistance_band,2,10-12 reps,false,false,https://www.youtube.com/watch?v=riVxa9By-pM,false
Arm Circles,mobility,mobility_stretch,mobility_flexibility,shoulders,Simple dynamic shoulder warmup movement; low-skill entry point before loaded overhead or pressing work.,bodyweight,2,10 reps each direction,false,false,,false
Hip Circles,mobility,mobility_stretch,mobility_flexibility,hips,Dynamic hip-joint warmup movement; loosens the hip capsule through a full circular range before squatting or lunging.,bodyweight,2,8-10 reps/side,true,false,,false
Leg Swings,mobility,mobility_stretch,mobility_flexibility,hips|hamstrings,Dynamic swinging warmup for the hip and hamstring; common pre-run or pre-lift mobility primer.,bodyweight,2,10-12 reps/side,true,false,,false
Neck Isometric Holds (4-way),mobility,strength,total_body_resilience|mobility_flexibility,neck,"Light isometric resistance in flexion/extension/lateral directions builds deep cervical stabilizer endurance, addressing chronic neck stiffness at its strength root rather than only its mobility side.",bodyweight,2,10s hold x 6 each direction,false,true,https://www.youtube.com/watch?v=0kWF968uFXY,false
Prone Neck Retraction with Extension,mobility,mobility_stretch,mobility_flexibility|total_body_resilience,neck|thoracic_spine,Combines the chin-tuck retraction with thoracic extension lying face-down; reinforces the CLAUDE.md thoracic-spine-is-the-root-cause framing in one movement.,bodyweight,2,8-10 reps,false,true,,false
Suboccipital Release (massage ball),mobility,mobility_stretch,mobility_flexibility|longevity_recovery,neck,"Self-myofascial release at the skull base targeting the suboccipital muscles, a common contributor to chronic neck tension and tension headaches.",massage_ball,1,60-90s,false,true,,false
Cervical Lateral Flexion Stretch,mobility,mobility_stretch,mobility_flexibility,neck,Static side-bend neck stretch isolating the upper trap/scalene group from a different angle than the upper trap stretch's shoulder-anchored variant.,bodyweight,1,30s hold/side,true,true,,false
Plank with Shoulder Taps,core,balance,total_body_resilience,lower_back|shoulders,Anti-rotation plank variant that adds an unstable-arm-lift balance challenge on top of the static core hold.,bodyweight,3,8-10/side,true,false,https://www.youtube.com/watch?v=gKA5LBy7WAI,false
Cobra Stretch,core,mobility_stretch,mobility_flexibility,lower_back,Gentle prone spinal-extension stretch; common cool-down movement countering the spinal flexion of core/ab work.,bodyweight,1,30-45s hold,false,false,https://www.youtube.com/watch?v=JDcdhTuycOI,false
Seated Wide-Leg Forward Fold,pull,mobility_stretch,mobility_flexibility,hamstrings|hips,"Seated bilateral hamstring/adductor stretch performed in a position similar to a row's seated base, complementing pulling-pattern training days.",yoga_mat,1,45-60s hold,false,false,,false
Renegade Row,pull,plyometric,strength_power|total_body_resilience,shoulders|lower_back,Unilateral rowing movement performed from a plank position under reactive core-stability demand; combines pulling strength with anti-rotation bracing power.,dumbbell,3,6-8/side,true,false,https://www.youtube.com/watch?v=F68p7cJFtOI,false
Single-Arm Band Row to Balance Reach,pull,balance,total_body_resilience,shoulders|ankles,"Combines a unilateral rowing pull with a single-leg balance hold, training upper-back pulling strength and ankle stability together.",resistance_band,3,8-10/side,true,false,,false
Push-Up to Single-Arm Reach,push,balance,total_body_resilience,shoulders|wrists,"Adds a single-arm balance/reach component at the top of a push-up, training pressing strength alongside shoulder and wrist stability.",bodyweight,3,5-6/side,true,false,,false
Wrestler's Bridge Hold,mobility,balance,total_body_resilience,neck|thoracic_spine,"Supported neck/upper-back bridge hold building neck-extensor endurance and balance together; performed lightly and supported, not a high-load wrestling bridge.",yoga_mat,2,15-20s hold,false,true,,false
